concept:instance,concept:event,concept:name,time:timestamp,lifecycle:transition,org:resource,org:role,org:unit,org:org
515d4212-8684-4bac-a863-47c927b5cf98,b4813eeea607d1dadc73420c2898da34,draft schedule of meetings,2023-03-28T14:34:58.588+02:00,calling,u,u,coordination unit,town planning authority
515d4212-8684-4bac-a863-47c927b5cf98,00eeff29dbb6a38f5c12f07455a1a220,add draft dates to calendars,2023-03-28T14:34:58.608+02:00,calling,u,u,coordination unit,town planning authority
515d4212-8684-4bac-a863-47c927b5cf98,b4813eeea607d1dadc73420c2898da34,draft schedule of meetings,2023-03-28T14:34:58.603+02:00,done,u,u,coordination unit,town planning authority
515d4212-8684-4bac-a863-47c927b5cf98,00eeff29dbb6a38f5c12f07455a1a220,add draft dates to calendars,2023-03-28T14:34:59.615+02:00,done,u,u,coordination unit,town planning authority
515d4212-8684-4bac-a863-47c927b5cf98,b03989ced74d32be305b672979ea8673,suggest modifications,2023-03-28T14:34:59.618+02:00,calling,u,support officer,u,u 
515d4212-8684-4bac-a863-47c927b5cf98,553fe4f1a7502793af0441e7c9fd0d02,check dates,2023-03-28T14:34:59.624+02:00,calling,u,support officer,u,u
3d6ca080-6641-409e-8b6e-1050ca824384,dbcf4e1d6ecf450d917229a70fca4aea,draft schedule of meetings,2023-03-28T14:35:01.551+02:00,calling,u,u,coordination unit,town planning authority
3d6ca080-6641-409e-8b6e-1050ca824384,dbcf4e1d6ecf450d917229a70fca4aea,draft schedule of meetings,2023-03-28T14:35:01.570+02:00,done,u,u,coordination unit,town planning authority
3d6ca080-6641-409e-8b6e-1050ca824384,abe0da73fb0713b7b69ba6753008f0be,add draft dates to calendars,2023-03-28T14:35:01.572+02:00,calling,u,u,coordination unit,town planning authority
5d4ac079-7a38-4706-b7ae-9ecb41ddca45,0a0caf19721cefdecfeb1845824bdde7,draft schedule of meetings,2023-03-28T14:35:03.011+02:00,calling,u,u,coordination unit,town planning authority
5d4ac079-7a38-4706-b7ae-9ecb41ddca45,0a0caf19721cefdecfeb1845824bdde7,draft schedule of meetings,2023-03-28T14:35:03.025+02:00,done,u,u,coordination unit,town planning authority
5d4ac079-7a38-4706-b7ae-9ecb41ddca45,bb41e114bafcd4b3703d8ea2af32c1c8,add draft dates to calendars,2023-03-28T14:35:03.029+02:00,calling,u,u,coordination unit,town planning authority
f2605dff-de2e-48de-ac15-dbb9046d0376,277c7e60a32e3c7b055a47c663949c7e,draft schedule of meetings,2023-03-28T14:35:04.614+02:00,calling,u,u,coordination unit,town planning authority
515d4212-8684-4bac-a863-47c927b5cf98,b03989ced74d32be305b672979ea8673,suggest modifications,2023-03-28T14:35:04.629+02:00,done,u,support officer,u,u 
515d4212-8684-4bac-a863-47c927b5cf98,553fe4f1a7502793af0441e7c9fd0d02,check dates,2023-03-28T14:35:04.636+02:00,done,u,support officer,u,u
515d4212-8684-4bac-a863-47c927b5cf98,5eba4110a6d689a924a4952100b9cc49,looks for conflicts,2023-03-28T14:35:04.649+02:00,calling,u,u,coordination unit,u
f2605dff-de2e-48de-ac15-dbb9046d0376,a1a3ca61646f4d9a8c44087512ced0f5,add draft dates to calendars,2023-03-28T14:35:04.653+02:00,calling,u,u,coordination unit,town planning authority
f2605dff-de2e-48de-ac15-dbb9046d0376,277c7e60a32e3c7b055a47c663949c7e,draft schedule of meetings,2023-03-28T14:35:04.645+02:00,done,u,u,coordination unit,town planning authority
515d4212-8684-4bac-a863-47c927b5cf98,e512a1a1ce5a3bbbe3172180b83f9cb5,recheck dates,2023-03-28T14:35:04.645+02:00,calling,u,u,coordination unit,u
3d6ca080-6641-409e-8b6e-1050ca824384,abe0da73fb0713b7b69ba6753008f0be,add draft dates to calendars,2023-03-28T14:35:05.577+02:00,done,u,u,coordination unit,town planning authority
3d6ca080-6641-409e-8b6e-1050ca824384,4af692fd266826bb31f1a5c70ae64031,suggest modifications,2023-03-28T14:35:05.585+02:00,calling,u,support officer,u,u 
f2605dff-de2e-48de-ac15-dbb9046d0376,a1a3ca61646f4d9a8c44087512ced0f5,add draft dates to calendars,2023-03-28T14:35:05.660+02:00,done,u,u,coordination unit,town planning authority
3d6ca080-6641-409e-8b6e-1050ca824384,32a31626741cad0fe8272d2f7a740a86,check dates,2023-03-28T14:35:05.586+02:00,calling,u,support officer,u,u
f2605dff-de2e-48de-ac15-dbb9046d0376,2c623ea79cbcb88fa0dd8ef849664d74,check dates,2023-03-28T14:35:05.666+02:00,calling,u,support officer,u,u
f2605dff-de2e-48de-ac15-dbb9046d0376,d6071266bd714adf01f5a76944260070,suggest modifications,2023-03-28T14:35:05.668+02:00,calling,u,support officer,u,u 
525c228e-caa2-43be-a8e0-3151947f91a7,d37f97b4f791cdc1a7f907f08502facb,draft schedule of meetings,2023-03-28T14:35:06.443+02:00,calling,u,u,coordination unit,town planning authority
525c228e-caa2-43be-a8e0-3151947f91a7,d37f97b4f791cdc1a7f907f08502facb,draft schedule of meetings,2023-03-28T14:35:06.458+02:00,done,u,u,coordination unit,town planning authority
525c228e-caa2-43be-a8e0-3151947f91a7,a012e9f73abf0e662aff53e76174bf1b,add draft dates to calendars,2023-03-28T14:35:06.461+02:00,calling,u,u,coordination unit,town planning authority
5d4ac079-7a38-4706-b7ae-9ecb41ddca45,56fd60a2e853972e3034f5167aa13e01,check dates,2023-03-28T14:35:07.041+02:00,calling,u,support officer,u,u
5d4ac079-7a38-4706-b7ae-9ecb41ddca45,bb41e114bafcd4b3703d8ea2af32c1c8,add draft dates to calendars,2023-03-28T14:35:07.033+02:00,done,u,u,coordination unit,town planning authority
5d4ac079-7a38-4706-b7ae-9ecb41ddca45,d519b27d2af730ef3fd09358267bf87b,suggest modifications,2023-03-28T14:35:07.039+02:00,calling,u,support officer,u,u 
515d4212-8684-4bac-a863-47c927b5cf98,e512a1a1ce5a3bbbe3172180b83f9cb5,recheck dates,2023-03-28T14:35:07.655+02:00,done,u,u,coordination unit,u
525c228e-caa2-43be-a8e0-3151947f91a7,a012e9f73abf0e662aff53e76174bf1b,add draft dates to calendars,2023-03-28T14:35:09.465+02:00,done,u,u,coordination unit,town planning authority
525c228e-caa2-43be-a8e0-3151947f91a7,1d5e9fa88452e32900cc1476839dd119,suggest modifications,2023-03-28T14:35:09.473+02:00,calling,u,support officer,u,u 
525c228e-caa2-43be-a8e0-3151947f91a7,18b57c96c1cd1e64b0068bd4545defa2,check dates,2023-03-28T14:35:09.475+02:00,calling,u,support officer,u,u
515d4212-8684-4bac-a863-47c927b5cf98,03447ab220e471267b6c7eeca41809ef,send final schedule to committee members,2023-03-28T14:35:09.656+02:00,calling,u,u,u,u
515d4212-8684-4bac-a863-47c927b5cf98,5eba4110a6d689a924a4952100b9cc49,looks for conflicts,2023-03-28T14:35:09.653+02:00,done,u,u,coordination unit,u
5d4ac079-7a38-4706-b7ae-9ecb41ddca45,56fd60a2e853972e3034f5167aa13e01,check dates,2023-03-28T14:35:10.056+02:00,done,u,support officer,u,u
3d6ca080-6641-409e-8b6e-1050ca824384,32a31626741cad0fe8272d2f7a740a86,check dates,2023-03-28T14:35:10.595+02:00,done,u,support officer,u,u
ed7a8e48-46f5-4f71-bd29-fc19b6172084,9e74841b0f9acfcea2af2e00bf9c4e5f,draft schedule of meetings,2023-03-28T14:35:11.201+02:00,calling,u,u,coordination unit,town planning authority
ed7a8e48-46f5-4f71-bd29-fc19b6172084,9e74841b0f9acfcea2af2e00bf9c4e5f,draft schedule of meetings,2023-03-28T14:35:11.221+02:00,done,u,u,coordination unit,town planning authority
ed7a8e48-46f5-4f71-bd29-fc19b6172084,c7b0df9b3a2df0a18a6d1a0b8e78955b,add draft dates to calendars,2023-03-28T14:35:11.222+02:00,calling,u,u,coordination unit,town planning authority
3d6ca080-6641-409e-8b6e-1050ca824384,6bc53b51d5f429f7693c4580355d73c9,recheck dates,2023-03-28T14:35:11.604+02:00,calling,u,u,coordination unit,u
3d6ca080-6641-409e-8b6e-1050ca824384,4af692fd266826bb31f1a5c70ae64031,suggest modifications,2023-03-28T14:35:11.591+02:00,done,u,support officer,u,u 
3d6ca080-6641-409e-8b6e-1050ca824384,a10589e62c1e10d739142d3edacce764,looks for conflicts,2023-03-28T14:35:11.600+02:00,calling,u,u,coordination unit,u
f2605dff-de2e-48de-ac15-dbb9046d0376,2c623ea79cbcb88fa0dd8ef849664d74,check dates,2023-03-28T14:35:11.672+02:00,done,u,support officer,u,u
f2605dff-de2e-48de-ac15-dbb9046d0376,1e74b6e569e551611f2ec916cb645b19,looks for conflicts,2023-03-28T14:35:11.688+02:00,calling,u,u,coordination unit,u
f2605dff-de2e-48de-ac15-dbb9046d0376,d6071266bd714adf01f5a76944260070,suggest modifications,2023-03-28T14:35:11.678+02:00,done,u,support officer,u,u 
f2605dff-de2e-48de-ac15-dbb9046d0376,c38d204a49b4ab7f43e0bae3c675e989,recheck dates,2023-03-28T14:35:11.686+02:00,calling,u,u,coordination unit,u
3d6ca080-6641-409e-8b6e-1050ca824384,6bc53b51d5f429f7693c4580355d73c9,recheck dates,2023-03-28T14:35:12.609+02:00,done,u,u,coordination unit,u
ed7a8e48-46f5-4f71-bd29-fc19b6172084,c7b0df9b3a2df0a18a6d1a0b8e78955b,add draft dates to calendars,2023-03-28T14:35:13.228+02:00,done,u,u,coordination unit,town planning authority
ed7a8e48-46f5-4f71-bd29-fc19b6172084,814c920a99d09f8fd955f8771a3f3db6,suggest modifications,2023-03-28T14:35:13.258+02:00,calling,u,support officer,u,u 
ed7a8e48-46f5-4f71-bd29-fc19b6172084,b6ae6b6483abdc8b22268b5380659fc9,check dates,2023-03-28T14:35:13.267+02:00,calling,u,support officer,u,u
525c228e-caa2-43be-a8e0-3151947f91a7,1d5e9fa88452e32900cc1476839dd119,suggest modifications,2023-03-28T14:35:13.479+02:00,done,u,support officer,u,u 
515d4212-8684-4bac-a863-47c927b5cf98,9059c8274953f946162779f2f20c6160,check diaries,2023-03-28T14:35:13.674+02:00,calling,u,committee members,u,u
515d4212-8684-4bac-a863-47c927b5cf98,03447ab220e471267b6c7eeca41809ef,send final schedule to committee members,2023-03-28T14:35:13.662+02:00,done,u,u,u,u
f39c45df-f935-4705-9093-7736dece5055,91dab25e03841008cd2bd7f4d1e6c782,draft schedule of meetings,2023-03-28T14:35:13.856+02:00,calling,u,u,coordination unit,town planning authority
f39c45df-f935-4705-9093-7736dece5055,91dab25e03841008cd2bd7f4d1e6c782,draft schedule of meetings,2023-03-28T14:35:13.866+02:00,done,u,u,coordination unit,town planning authority
f39c45df-f935-4705-9093-7736dece5055,6ba70ff680467abdc0cdf78de6931a44,add draft dates to calendars,2023-03-28T14:35:13.867+02:00,calling,u,u,coordination unit,town planning authority
5d4ac079-7a38-4706-b7ae-9ecb41ddca45,d519b27d2af730ef3fd09358267bf87b,suggest modifications,2023-03-28T14:35:14.043+02:00,done,u,support officer,u,u 
5d4ac079-7a38-4706-b7ae-9ecb41ddca45,324a91087152784b9193599a731a4ab1,recheck dates,2023-03-28T14:35:14.049+02:00,calling,u,u,coordination unit,u
5d4ac079-7a38-4706-b7ae-9ecb41ddca45,32d7c542608cd708f2e6de7663c9a307,looks for conflicts,2023-03-28T14:35:14.052+02:00,calling,u,u,coordination unit,u
f2605dff-de2e-48de-ac15-dbb9046d0376,c38d204a49b4ab7f43e0bae3c675e989,recheck dates,2023-03-28T14:35:14.695+02:00,done,u,u,coordination unit,u
f2605dff-de2e-48de-ac15-dbb9046d0376,1e74b6e569e551611f2ec916cb645b19,looks for conflicts,2023-03-28T14:35:15.691+02:00,done,u,u,coordination unit,u
f2605dff-de2e-48de-ac15-dbb9046d0376,76315de17a5043125810f798a968d82e,send final schedule to committee members,2023-03-28T14:35:15.700+02:00,calling,u,u,u,u
a9143c81-ace3-41ec-bcf9-10cca092e519,8ac24f71209ef4e704d353e207ccd272,draft schedule of meetings,2023-03-28T14:35:15.730+02:00,calling,u,u,coordination unit,town planning authority
a9143c81-ace3-41ec-bcf9-10cca092e519,8ac24f71209ef4e704d353e207ccd272,draft schedule of meetings,2023-03-28T14:35:15.743+02:00,done,u,u,coordination unit,town planning authority
a9143c81-ace3-41ec-bcf9-10cca092e519,cd2c0b7a1787d6551d0a4228ee9e2367,add draft dates to calendars,2023-03-28T14:35:15.746+02:00,calling,u,u,coordination unit,town planning authority
525c228e-caa2-43be-a8e0-3151947f91a7,18b57c96c1cd1e64b0068bd4545defa2,check dates,2023-03-28T14:35:16.485+02:00,done,u,support officer,u,u
525c228e-caa2-43be-a8e0-3151947f91a7,c772e9c5eb9d039baba9b6ee72a08d0f,looks for conflicts,2023-03-28T14:35:16.494+02:00,calling,u,u,coordination unit,u
525c228e-caa2-43be-a8e0-3151947f91a7,729b753290008081c57aeca517425495,recheck dates,2023-03-28T14:35:16.491+02:00,calling,u,u,coordination unit,u
a9143c81-ace3-41ec-bcf9-10cca092e519,cd2c0b7a1787d6551d0a4228ee9e2367,add draft dates to calendars,2023-03-28T14:35:16.754+02:00,done,u,u,coordination unit,town planning authority
a9143c81-ace3-41ec-bcf9-10cca092e519,1b8d8bbc953ad614b1c76e7e97d6b373,check dates,2023-03-28T14:35:16.770+02:00,calling,u,support officer,u,u
a9143c81-ace3-41ec-bcf9-10cca092e519,6c6b4cc5eff4405dc0b1fa8f37de9afa,suggest modifications,2023-03-28T14:35:16.761+02:00,calling,u,support officer,u,u 
f39c45df-f935-4705-9093-7736dece5055,6ba70ff680467abdc0cdf78de6931a44,add draft dates to calendars,2023-03-28T14:35:16.873+02:00,done,u,u,coordination unit,town planning authority
f39c45df-f935-4705-9093-7736dece5055,2b2af8795c7875aabbec2627a2cf963c,check dates,2023-03-28T14:35:16.878+02:00,calling,u,support officer,u,u
f39c45df-f935-4705-9093-7736dece5055,89d27a0c1fde540aeb70560f2326b7bf,suggest modifications,2023-03-28T14:35:16.879+02:00,calling,u,support officer,u,u 
525c228e-caa2-43be-a8e0-3151947f91a7,729b753290008081c57aeca517425495,recheck dates,2023-03-28T14:35:17.499+02:00,done,u,u,coordination unit,u
515d4212-8684-4bac-a863-47c927b5cf98,9059c8274953f946162779f2f20c6160,check diaries,2023-03-28T14:35:17.681+02:00,done,u,committee members,u,u
515d4212-8684-4bac-a863-47c927b5cf98,7b98df32b86bf69e309da6107f467b08,advice of conflicts,2023-03-28T14:35:17.686+02:00,calling,u,committee members,u,u
5d4ac079-7a38-4706-b7ae-9ecb41ddca45,324a91087152784b9193599a731a4ab1,recheck dates,2023-03-28T14:35:18.052+02:00,done,u,u,coordination unit,u
5d4ac079-7a38-4706-b7ae-9ecb41ddca45,c1d2738ab15937ae19f9384f8e66afd8,send final schedule to committee members,2023-03-28T14:35:18.068+02:00,calling,u,u,u,u
5d4ac079-7a38-4706-b7ae-9ecb41ddca45,32d7c542608cd708f2e6de7663c9a307,looks for conflicts,2023-03-28T14:35:18.058+02:00,done,u,u,coordination unit,u
ed7a8e48-46f5-4f71-bd29-fc19b6172084,814c920a99d09f8fd955f8771a3f3db6,suggest modifications,2023-03-28T14:35:18.271+02:00,done,u,support officer,u,u 
3d6ca080-6641-409e-8b6e-1050ca824384,a10589e62c1e10d739142d3edacce764,looks for conflicts,2023-03-28T14:35:18.616+02:00,done,u,u,coordination unit,u
3d6ca080-6641-409e-8b6e-1050ca824384,60b15f899814816582fb6c7bfabdcf0e,send final schedule to committee members,2023-03-28T14:35:18.620+02:00,calling,u,u,u,u
f2605dff-de2e-48de-ac15-dbb9046d0376,69977867f2435242b72648128596d8a6,check diaries,2023-03-28T14:35:18.717+02:00,calling,u,committee members,u,u
f2605dff-de2e-48de-ac15-dbb9046d0376,76315de17a5043125810f798a968d82e,send final schedule to committee members,2023-03-28T14:35:18.709+02:00,done,u,u,u,u
a9143c81-ace3-41ec-bcf9-10cca092e519,1b8d8bbc953ad614b1c76e7e97d6b373,check dates,2023-03-28T14:35:18.782+02:00,done,u,support officer,u,u
f39c45df-f935-4705-9093-7736dece5055,2b2af8795c7875aabbec2627a2cf963c,check dates,2023-03-28T14:35:18.883+02:00,done,u,support officer,u,u
1f949332-7909-42fe-869c-cbcf8550d1b6,74e509ccd7265d3416a619f4eef560dd,draft schedule of meetings,2023-03-28T14:35:19.110+02:00,calling,u,u,coordination unit,town planning authority
1f949332-7909-42fe-869c-cbcf8550d1b6,74e509ccd7265d3416a619f4eef560dd,draft schedule of meetings,2023-03-28T14:35:19.129+02:00,done,u,u,coordination unit,town planning authority
1f949332-7909-42fe-869c-cbcf8550d1b6,5e68e3c9ae9b95e465daa899c795d0f5,add draft dates to calendars,2023-03-28T14:35:19.131+02:00,calling,u,u,coordination unit,town planning authority
525c228e-caa2-43be-a8e0-3151947f91a7,c772e9c5eb9d039baba9b6ee72a08d0f,looks for conflicts,2023-03-28T14:35:19.501+02:00,done,u,u,coordination unit,u
525c228e-caa2-43be-a8e0-3151947f91a7,452fa997526871cd70e6ae7609657841,send final schedule to committee members,2023-03-28T14:35:19.508+02:00,calling,u,u,u,u
1f949332-7909-42fe-869c-cbcf8550d1b6,dfbe7267cb84e71f0d785b06816830ad,check dates,2023-03-28T14:35:20.147+02:00,calling,u,support officer,u,u
1f949332-7909-42fe-869c-cbcf8550d1b6,5e68e3c9ae9b95e465daa899c795d0f5,add draft dates to calendars,2023-03-28T14:35:20.138+02:00,done,u,u,coordination unit,town planning authority
1f949332-7909-42fe-869c-cbcf8550d1b6,e2cc0d416eb8ac3c980e9148a4a13165,suggest modifications,2023-03-28T14:35:20.152+02:00,calling,u,support officer,u,u 
f2605dff-de2e-48de-ac15-dbb9046d0376,c5c73b8aa8b1f004f3ef2e18306e43ff,advice of conflicts,2023-03-28T14:35:20.727+02:00,calling,u,committee members,u,u
f2605dff-de2e-48de-ac15-dbb9046d0376,69977867f2435242b72648128596d8a6,check diaries,2023-03-28T14:35:20.724+02:00,done,u,committee members,u,u
ed7a8e48-46f5-4f71-bd29-fc19b6172084,b6ae6b6483abdc8b22268b5380659fc9,check dates,2023-03-28T14:35:21.281+02:00,done,u,support officer,u,u
ed7a8e48-46f5-4f71-bd29-fc19b6172084,18197c8a0f5c327e011c82f023951771,recheck dates,2023-03-28T14:35:21.287+02:00,calling,u,u,coordination unit,u
ed7a8e48-46f5-4f71-bd29-fc19b6172084,9630c3ed9d3f763dbf3e7593e43741e3,looks for conflicts,2023-03-28T14:35:21.294+02:00,calling,u,u,coordination unit,u
3d6ca080-6641-409e-8b6e-1050ca824384,1ddc73223fe8b090ef36ef1ea547c95e,check diaries,2023-03-28T14:35:21.642+02:00,calling,u,committee members,u,u
3d6ca080-6641-409e-8b6e-1050ca824384,60b15f899814816582fb6c7bfabdcf0e,send final schedule to committee members,2023-03-28T14:35:21.640+02:00,done,u,u,u,u
5d4ac079-7a38-4706-b7ae-9ecb41ddca45,024fba74d7ef9a63d8c6fb98c2ca0423,check diaries,2023-03-28T14:35:22.075+02:00,calling,u,committee members,u,u
5d4ac079-7a38-4706-b7ae-9ecb41ddca45,c1d2738ab15937ae19f9384f8e66afd8,send final schedule to committee members,2023-03-28T14:35:22.072+02:00,done,u,u,u,u
f39c45df-f935-4705-9093-7736dece5055,487333a4acbc47ec5dfe5113d2c487f8,looks for conflicts,2023-03-28T14:35:22.895+02:00,calling,u,u,coordination unit,u
f39c45df-f935-4705-9093-7736dece5055,89d27a0c1fde540aeb70560f2326b7bf,suggest modifications,2023-03-28T14:35:22.890+02:00,done,u,support officer,u,u 
f39c45df-f935-4705-9093-7736dece5055,f9734f101a2dfcb7ef302c0dcb56c6f4,recheck dates,2023-03-28T14:35:22.894+02:00,calling,u,u,coordination unit,u
525c228e-caa2-43be-a8e0-3151947f91a7,4edafa8c1a3c8c55a59a7ca3ada090e8,check diaries,2023-03-28T14:35:23.514+02:00,calling,u,committee members,u,u
525c228e-caa2-43be-a8e0-3151947f91a7,452fa997526871cd70e6ae7609657841,send final schedule to committee members,2023-03-28T14:35:23.512+02:00,done,u,u,u,u
515d4212-8684-4bac-a863-47c927b5cf98,7b98df32b86bf69e309da6107f467b08,advice of conflicts,2023-03-28T14:35:23.694+02:00,done,u,committee members,u,u
f2605dff-de2e-48de-ac15-dbb9046d0376,c5c73b8aa8b1f004f3ef2e18306e43ff,advice of conflicts,2023-03-28T14:35:23.731+02:00,done,u,committee members,u,u
a9143c81-ace3-41ec-bcf9-10cca092e519,6c6b4cc5eff4405dc0b1fa8f37de9afa,suggest modifications,2023-03-28T14:35:23.769+02:00,done,u,support officer,u,u 
a9143c81-ace3-41ec-bcf9-10cca092e519,8326a4fed9d2a90d03d5957eed39d802,recheck dates,2023-03-28T14:35:23.774+02:00,calling,u,u,coordination unit,u
a9143c81-ace3-41ec-bcf9-10cca092e519,03e50aed9b64625dea486cb6f54e81ac,looks for conflicts,2023-03-28T14:35:23.779+02:00,calling,u,u,coordination unit,u
ed7a8e48-46f5-4f71-bd29-fc19b6172084,9630c3ed9d3f763dbf3e7593e43741e3,looks for conflicts,2023-03-28T14:35:24.299+02:00,done,u,u,coordination unit,u
ac231ef7-61a6-43c5-b5de-694c0964ba99,8a647126f6d5b575ae945e12d0be45d1,draft schedule of meetings,2023-03-28T14:35:25.058+02:00,calling,u,u,coordination unit,town planning authority
ac231ef7-61a6-43c5-b5de-694c0964ba99,8a647126f6d5b575ae945e12d0be45d1,draft schedule of meetings,2023-03-28T14:35:25.069+02:00,done,u,u,coordination unit,town planning authority
ac231ef7-61a6-43c5-b5de-694c0964ba99,4ac7d8ceab52075ad47f36a456ce86a9,add draft dates to calendars,2023-03-28T14:35:25.074+02:00,calling,u,u,coordination unit,town planning authority
5d4ac079-7a38-4706-b7ae-9ecb41ddca45,024fba74d7ef9a63d8c6fb98c2ca0423,check diaries,2023-03-28T14:35:25.081+02:00,done,u,committee members,u,u
5d4ac079-7a38-4706-b7ae-9ecb41ddca45,627819f8aa6aa67e49ff86a720677dad,advice of conflicts,2023-03-28T14:35:25.085+02:00,calling,u,committee members,u,u
1f949332-7909-42fe-869c-cbcf8550d1b6,e2cc0d416eb8ac3c980e9148a4a13165,suggest modifications,2023-03-28T14:35:25.168+02:00,done,u,support officer,u,u 
ed7a8e48-46f5-4f71-bd29-fc19b6172084,18197c8a0f5c327e011c82f023951771,recheck dates,2023-03-28T14:35:25.294+02:00,done,u,u,coordination unit,u
ed7a8e48-46f5-4f71-bd29-fc19b6172084,ae9db7d7a3c09af134bb385391509937,send final schedule to committee members,2023-03-28T14:35:25.300+02:00,calling,u,u,u,u
3d6ca080-6641-409e-8b6e-1050ca824384,3a26c90e957e2ac289652ce734313b7d,advice of conflicts,2023-03-28T14:35:25.648+02:00,calling,u,committee members,u,u
3d6ca080-6641-409e-8b6e-1050ca824384,1ddc73223fe8b090ef36ef1ea547c95e,check diaries,2023-03-28T14:35:25.645+02:00,done,u,committee members,u,u
f39c45df-f935-4705-9093-7736dece5055,f9734f101a2dfcb7ef302c0dcb56c6f4,recheck dates,2023-03-28T14:35:25.900+02:00,done,u,u,coordination unit,u
525c228e-caa2-43be-a8e0-3151947f91a7,4edafa8c1a3c8c55a59a7ca3ada090e8,check diaries,2023-03-28T14:35:26.520+02:00,done,u,committee members,u,u
525c228e-caa2-43be-a8e0-3151947f91a7,66fd2da2a24172a8e70c63b162ccba7a,advice of conflicts,2023-03-28T14:35:26.526+02:00,calling,u,committee members,u,u
a9143c81-ace3-41ec-bcf9-10cca092e519,03e50aed9b64625dea486cb6f54e81ac,looks for conflicts,2023-03-28T14:35:26.790+02:00,done,u,u,coordination unit,u
a9143c81-ace3-41ec-bcf9-10cca092e519,8326a4fed9d2a90d03d5957eed39d802,recheck dates,2023-03-28T14:35:26.787+02:00,done,u,u,coordination unit,u
a9143c81-ace3-41ec-bcf9-10cca092e519,c3667153d778f280f73fd2fc44e59430,send final schedule to committee members,2023-03-28T14:35:26.793+02:00,calling,u,u,u,u
1f949332-7909-42fe-869c-cbcf8550d1b6,dfbe7267cb84e71f0d785b06816830ad,check dates,2023-03-28T14:35:27.153+02:00,done,u,support officer,u,u
1f949332-7909-42fe-869c-cbcf8550d1b6,1394fa45513f05703c29735b6b0cc14e,recheck dates,2023-03-28T14:35:27.160+02:00,calling,u,u,coordination unit,u
1f949332-7909-42fe-869c-cbcf8550d1b6,9d9abe2ad1b268ce3c1274693cd12dd6,looks for conflicts,2023-03-28T14:35:27.158+02:00,calling,u,u,coordination unit,u
f39c45df-f935-4705-9093-7736dece5055,20e0505f6f24697554769e5c112a63d3,send final schedule to committee members,2023-03-28T14:35:27.912+02:00,calling,u,u,u,u
f39c45df-f935-4705-9093-7736dece5055,487333a4acbc47ec5dfe5113d2c487f8,looks for conflicts,2023-03-28T14:35:27.900+02:00,done,u,u,coordination unit,u
ac231ef7-61a6-43c5-b5de-694c0964ba99,4ac7d8ceab52075ad47f36a456ce86a9,add draft dates to calendars,2023-03-28T14:35:28.078+02:00,done,u,u,coordination unit,town planning authority
ac231ef7-61a6-43c5-b5de-694c0964ba99,1bd009e9a9df12f226717462a51087bc,check dates,2023-03-28T14:35:28.095+02:00,calling,u,support officer,u,u
ac231ef7-61a6-43c5-b5de-694c0964ba99,ad65a2813916dce5212fbc0dc75e2b75,suggest modifications,2023-03-28T14:35:28.091+02:00,calling,u,support officer,u,u 
1f949332-7909-42fe-869c-cbcf8550d1b6,1394fa45513f05703c29735b6b0cc14e,recheck dates,2023-03-28T14:35:28.168+02:00,done,u,u,coordination unit,u
ed7a8e48-46f5-4f71-bd29-fc19b6172084,ae9db7d7a3c09af134bb385391509937,send final schedule to committee members,2023-03-28T14:35:28.309+02:00,done,u,u,u,u
ed7a8e48-46f5-4f71-bd29-fc19b6172084,1d62c094eddbb7c78beb7a520240b3de,check diaries,2023-03-28T14:35:28.313+02:00,calling,u,committee members,u,u
ddf7d4ae-fd86-4c75-a36d-05e85fb60c84,0c42cb0070a032295c2260a68f3e452d,draft schedule of meetings,2023-03-28T14:35:28.840+02:00,calling,u,u,coordination unit,town planning authority
ddf7d4ae-fd86-4c75-a36d-05e85fb60c84,df3121d904464de37f236a7a3bdcbe1c,add draft dates to calendars,2023-03-28T14:35:28.862+02:00,calling,u,u,coordination unit,town planning authority
ddf7d4ae-fd86-4c75-a36d-05e85fb60c84,0c42cb0070a032295c2260a68f3e452d,draft schedule of meetings,2023-03-28T14:35:28.857+02:00,done,u,u,coordination unit,town planning authority
525c228e-caa2-43be-a8e0-3151947f91a7,66fd2da2a24172a8e70c63b162ccba7a,advice of conflicts,2023-03-28T14:35:29.531+02:00,done,u,committee members,u,u
a9143c81-ace3-41ec-bcf9-10cca092e519,71b45e84d5dcf0ebb16c12458b22fe24,check diaries,2023-03-28T14:35:29.808+02:00,calling,u,committee members,u,u
a9143c81-ace3-41ec-bcf9-10cca092e519,c3667153d778f280f73fd2fc44e59430,send final schedule to committee members,2023-03-28T14:35:29.800+02:00,done,u,u,u,u
f39c45df-f935-4705-9093-7736dece5055,20e0505f6f24697554769e5c112a63d3,send final schedule to committee members,2023-03-28T14:35:29.917+02:00,done,u,u,u,u
f39c45df-f935-4705-9093-7736dece5055,206f7889530d2c3106f858d2a224e5e4,check diaries,2023-03-28T14:35:29.923+02:00,calling,u,committee members,u,u
3d6ca080-6641-409e-8b6e-1050ca824384,3a26c90e957e2ac289652ce734313b7d,advice of conflicts,2023-03-28T14:35:30.653+02:00,done,u,committee members,u,u
5d4ac079-7a38-4706-b7ae-9ecb41ddca45,627819f8aa6aa67e49ff86a720677dad,advice of conflicts,2023-03-28T14:35:31.088+02:00,done,u,committee members,u,u
1f949332-7909-42fe-869c-cbcf8550d1b6,9d9abe2ad1b268ce3c1274693cd12dd6,looks for conflicts,2023-03-28T14:35:31.161+02:00,done,u,u,coordination unit,u
1f949332-7909-42fe-869c-cbcf8550d1b6,455731420f918f17bc6e9d118f1416a6,send final schedule to committee members,2023-03-28T14:35:31.165+02:00,calling,u,u,u,u
ed7a8e48-46f5-4f71-bd29-fc19b6172084,1d62c094eddbb7c78beb7a520240b3de,check diaries,2023-03-28T14:35:31.320+02:00,done,u,committee members,u,u
ed7a8e48-46f5-4f71-bd29-fc19b6172084,05d76e4da0c333273873f991a6560c74,advice of conflicts,2023-03-28T14:35:31.339+02:00,calling,u,committee members,u,u
eefbf3e9-c4cc-477e-80c1-355d76669ce6,7f825d18785a497b72de437a5e0584cc,draft schedule of meetings,2023-03-28T14:35:31.655+02:00,calling,u,u,coordination unit,town planning authority
eefbf3e9-c4cc-477e-80c1-355d76669ce6,7f825d18785a497b72de437a5e0584cc,draft schedule of meetings,2023-03-28T14:35:31.673+02:00,done,u,u,coordination unit,town planning authority
eefbf3e9-c4cc-477e-80c1-355d76669ce6,2864a9aaa26cc7aaff79e7cbb25ad9c6,add draft dates to calendars,2023-03-28T14:35:31.675+02:00,calling,u,u,coordination unit,town planning authority
f39c45df-f935-4705-9093-7736dece5055,cf7ef2e6b6da0bba773b2c9a98dbfde6,advice of conflicts,2023-03-28T14:35:31.939+02:00,calling,u,committee members,u,u
f39c45df-f935-4705-9093-7736dece5055,206f7889530d2c3106f858d2a224e5e4,check diaries,2023-03-28T14:35:31.932+02:00,done,u,committee members,u,u
ac231ef7-61a6-43c5-b5de-694c0964ba99,ad65a2813916dce5212fbc0dc75e2b75,suggest modifications,2023-03-28T14:35:32.095+02:00,done,u,support officer,u,u 
ac231ef7-61a6-43c5-b5de-694c0964ba99,1bd009e9a9df12f226717462a51087bc,check dates,2023-03-28T14:35:32.113+02:00,done,u,support officer,u,u
ac231ef7-61a6-43c5-b5de-694c0964ba99,39d5226b1b70b09a01cd7f4561c2ce83,looks for conflicts,2023-03-28T14:35:32.118+02:00,calling,u,u,coordination unit,u
ac231ef7-61a6-43c5-b5de-694c0964ba99,0055448526533c383ce5dafdc15d1e08,recheck dates,2023-03-28T14:35:32.116+02:00,calling,u,u,coordination unit,u
a9143c81-ace3-41ec-bcf9-10cca092e519,3140976de0c10cf347f643d00ab75d53,advice of conflicts,2023-03-28T14:35:32.816+02:00,calling,u,committee members,u,u
a9143c81-ace3-41ec-bcf9-10cca092e519,71b45e84d5dcf0ebb16c12458b22fe24,check diaries,2023-03-28T14:35:32.812+02:00,done,u,committee members,u,u
ddf7d4ae-fd86-4c75-a36d-05e85fb60c84,b0e9d9ce5f4bf0298250d88df23c3979,check dates,2023-03-28T14:35:32.872+02:00,calling,u,support officer,u,u
ddf7d4ae-fd86-4c75-a36d-05e85fb60c84,df3121d904464de37f236a7a3bdcbe1c,add draft dates to calendars,2023-03-28T14:35:32.866+02:00,done,u,u,coordination unit,town planning authority
ddf7d4ae-fd86-4c75-a36d-05e85fb60c84,e11115e76cdb3ec7d1df8501a1edd2ff,suggest modifications,2023-03-28T14:35:32.879+02:00,calling,u,support officer,u,u 
ac231ef7-61a6-43c5-b5de-694c0964ba99,0055448526533c383ce5dafdc15d1e08,recheck dates,2023-03-28T14:35:34.120+02:00,done,u,u,coordination unit,u
1f949332-7909-42fe-869c-cbcf8550d1b6,455731420f918f17bc6e9d118f1416a6,send final schedule to committee members,2023-03-28T14:35:34.169+02:00,done,u,u,u,u
1f949332-7909-42fe-869c-cbcf8550d1b6,3c59256a9c5a470a0a27b0c9ce11d120,check diaries,2023-03-28T14:35:34.174+02:00,calling,u,committee members,u,u
eefbf3e9-c4cc-477e-80c1-355d76669ce6,2864a9aaa26cc7aaff79e7cbb25ad9c6,add draft dates to calendars,2023-03-28T14:35:34.679+02:00,done,u,u,coordination unit,town planning authority
eefbf3e9-c4cc-477e-80c1-355d76669ce6,2f901cf9c8341d3c4fa7eb773d799d34,suggest modifications,2023-03-28T14:35:34.701+02:00,calling,u,support officer,u,u 
eefbf3e9-c4cc-477e-80c1-355d76669ce6,ea57ec79ab3916218368cc8a8b4eb41f,check dates,2023-03-28T14:35:34.726+02:00,calling,u,support officer,u,u
ddf7d4ae-fd86-4c75-a36d-05e85fb60c84,b0e9d9ce5f4bf0298250d88df23c3979,check dates,2023-03-28T14:35:34.878+02:00,done,u,support officer,u,u
034d5aee-04a0-419d-9d47-57ce11929388,1301941d3e657b49b784a464d02e98da,draft schedule of meetings,2023-03-28T14:35:34.961+02:00,calling,u,u,coordination unit,town planning authority
034d5aee-04a0-419d-9d47-57ce11929388,1301941d3e657b49b784a464d02e98da,draft schedule of meetings,2023-03-28T14:35:34.980+02:00,done,u,u,coordination unit,town planning authority
034d5aee-04a0-419d-9d47-57ce11929388,ac1873680865231d9854e3646da113ec,add draft dates to calendars,2023-03-28T14:35:34.981+02:00,calling,u,u,coordination unit,town planning authority
ddf7d4ae-fd86-4c75-a36d-05e85fb60c84,e11115e76cdb3ec7d1df8501a1edd2ff,suggest modifications,2023-03-28T14:35:35.889+02:00,done,u,support officer,u,u 
ddf7d4ae-fd86-4c75-a36d-05e85fb60c84,bf6719bf3dfb88d3f3d531823f8f1f63,recheck dates,2023-03-28T14:35:35.893+02:00,calling,u,u,coordination unit,u
ddf7d4ae-fd86-4c75-a36d-05e85fb60c84,2c07cb85fece28bd1f04243430790e3b,looks for conflicts,2023-03-28T14:35:35.894+02:00,calling,u,u,coordination unit,u
f39c45df-f935-4705-9093-7736dece5055,cf7ef2e6b6da0bba773b2c9a98dbfde6,advice of conflicts,2023-03-28T14:35:35.942+02:00,done,u,committee members,u,u
ac231ef7-61a6-43c5-b5de-694c0964ba99,39d5226b1b70b09a01cd7f4561c2ce83,looks for conflicts,2023-03-28T14:35:36.120+02:00,done,u,u,coordination unit,u
ac231ef7-61a6-43c5-b5de-694c0964ba99,52dbfcc611d3d2602422ceba34cc563a,send final schedule to committee members,2023-03-28T14:35:36.126+02:00,calling,u,u,u,u
1f949332-7909-42fe-869c-cbcf8550d1b6,2b4ca60a095d0a5d63dbc6bf4bd401c0,advice of conflicts,2023-03-28T14:35:36.188+02:00,calling,u,committee members,u,u
1f949332-7909-42fe-869c-cbcf8550d1b6,3c59256a9c5a470a0a27b0c9ce11d120,check diaries,2023-03-28T14:35:36.180+02:00,done,u,committee members,u,u
ed7a8e48-46f5-4f71-bd29-fc19b6172084,05d76e4da0c333273873f991a6560c74,advice of conflicts,2023-03-28T14:35:36.346+02:00,done,u,committee members,u,u
034d5aee-04a0-419d-9d47-57ce11929388,ac1873680865231d9854e3646da113ec,add draft dates to calendars,2023-03-28T14:35:36.988+02:00,done,u,u,coordination unit,town planning authority
034d5aee-04a0-419d-9d47-57ce11929388,39602f991e52a00862170dc3223c105f,check dates,2023-03-28T14:35:37.023+02:00,calling,u,support officer,u,u
034d5aee-04a0-419d-9d47-57ce11929388,1833c437a1bfb1ddace0899ff4b5cbf0,suggest modifications,2023-03-28T14:35:37.017+02:00,calling,u,support officer,u,u 
8cc15815-7cf3-4a9f-9528-1605a6442375,bf4b90ab97944b103099a894b4e91038,draft schedule of meetings,2023-03-28T14:35:37.585+02:00,calling,u,u,coordination unit,town planning authority
8cc15815-7cf3-4a9f-9528-1605a6442375,bf4b90ab97944b103099a894b4e91038,draft schedule of meetings,2023-03-28T14:35:37.606+02:00,done,u,u,coordination unit,town planning authority
8cc15815-7cf3-4a9f-9528-1605a6442375,ebb7ff51c8d495ad1c69ad7c3dcfa590,add draft dates to calendars,2023-03-28T14:35:37.611+02:00,calling,u,u,coordination unit,town planning authority
eefbf3e9-c4cc-477e-80c1-355d76669ce6,ea57ec79ab3916218368cc8a8b4eb41f,check dates,2023-03-28T14:35:37.737+02:00,done,u,support officer,u,u
ddf7d4ae-fd86-4c75-a36d-05e85fb60c84,bf6719bf3dfb88d3f3d531823f8f1f63,recheck dates,2023-03-28T14:35:37.899+02:00,done,u,u,coordination unit,u
a9143c81-ace3-41ec-bcf9-10cca092e519,3140976de0c10cf347f643d00ab75d53,advice of conflicts,2023-03-28T14:35:38.820+02:00,done,u,committee members,u,u
8cc15815-7cf3-4a9f-9528-1605a6442375,ebb7ff51c8d495ad1c69ad7c3dcfa590,add draft dates to calendars,2023-03-28T14:35:39.616+02:00,done,u,u,coordination unit,town planning authority
8cc15815-7cf3-4a9f-9528-1605a6442375,8c2798293d01189d856c8c3dae349be1,check dates,2023-03-28T14:35:39.623+02:00,calling,u,support officer,u,u
8cc15815-7cf3-4a9f-9528-1605a6442375,746ade8ff152b8a40af4a74a1e0fec24,suggest modifications,2023-03-28T14:35:39.621+02:00,calling,u,support officer,u,u 
eefbf3e9-c4cc-477e-80c1-355d76669ce6,4642ddf1690d45ef467532ef94bdae90,recheck dates,2023-03-28T14:35:39.721+02:00,calling,u,u,coordination unit,u
eefbf3e9-c4cc-477e-80c1-355d76669ce6,5fba2afc3f03ec9af4f96ec9ff7420e1,looks for conflicts,2023-03-28T14:35:39.725+02:00,calling,u,u,coordination unit,u
eefbf3e9-c4cc-477e-80c1-355d76669ce6,2f901cf9c8341d3c4fa7eb773d799d34,suggest modifications,2023-03-28T14:35:39.717+02:00,done,u,support officer,u,u 
ddf7d4ae-fd86-4c75-a36d-05e85fb60c84,2c07cb85fece28bd1f04243430790e3b,looks for conflicts,2023-03-28T14:35:39.899+02:00,done,u,u,coordination unit,u
ddf7d4ae-fd86-4c75-a36d-05e85fb60c84,be77228987dfd8de78dd58a68133f94c,send final schedule to committee members,2023-03-28T14:35:39.922+02:00,calling,u,u,u,u
ac231ef7-61a6-43c5-b5de-694c0964ba99,0d7ebc844ee689b929f305d4b4602312,check diaries,2023-03-28T14:35:40.134+02:00,calling,u,committee members,u,u
ac231ef7-61a6-43c5-b5de-694c0964ba99,52dbfcc611d3d2602422ceba34cc563a,send final schedule to committee members,2023-03-28T14:35:40.132+02:00,done,u,u,u,u
45930345-be1d-4989-865e-2dfc26768bf2,53132932d6c12822da3dec18b329c405,draft schedule of meetings,2023-03-28T14:35:40.235+02:00,calling,u,u,coordination unit,town planning authority
45930345-be1d-4989-865e-2dfc26768bf2,53132932d6c12822da3dec18b329c405,draft schedule of meetings,2023-03-28T14:35:40.247+02:00,done,u,u,coordination unit,town planning authority
45930345-be1d-4989-865e-2dfc26768bf2,4479b9918282bd133429cffa24130e43,add draft dates to calendars,2023-03-28T14:35:40.254+02:00,calling,u,u,coordination unit,town planning authority
1f949332-7909-42fe-869c-cbcf8550d1b6,2b4ca60a095d0a5d63dbc6bf4bd401c0,advice of conflicts,2023-03-28T14:35:41.192+02:00,done,u,committee members,u,u
45930345-be1d-4989-865e-2dfc26768bf2,4479b9918282bd133429cffa24130e43,add draft dates to calendars,2023-03-28T14:35:41.261+02:00,done,u,u,coordination unit,town planning authority
45930345-be1d-4989-865e-2dfc26768bf2,000e1ce107227ef01c40f81559713a0b,suggest modifications,2023-03-28T14:35:41.272+02:00,calling,u,support officer,u,u 
45930345-be1d-4989-865e-2dfc26768bf2,8a4a3d39f7d58a24f4717d35042716bb,check dates,2023-03-28T14:35:41.269+02:00,calling,u,support officer,u,u
034d5aee-04a0-419d-9d47-57ce11929388,1833c437a1bfb1ddace0899ff4b5cbf0,suggest modifications,2023-03-28T14:35:42.025+02:00,done,u,support officer,u,u 
eefbf3e9-c4cc-477e-80c1-355d76669ce6,4642ddf1690d45ef467532ef94bdae90,recheck dates,2023-03-28T14:35:42.731+02:00,done,u,u,coordination unit,u
034d5aee-04a0-419d-9d47-57ce11929388,c8d9a368e8fe9f59fecc5fad934c11d3,looks for conflicts,2023-03-28T14:35:43.050+02:00,calling,u,u,coordination unit,u
034d5aee-04a0-419d-9d47-57ce11929388,39602f991e52a00862170dc3223c105f,check dates,2023-03-28T14:35:43.035+02:00,done,u,support officer,u,u
034d5aee-04a0-419d-9d47-57ce11929388,4593b6b076b868885865fa2e1592ceed,recheck dates,2023-03-28T14:35:43.041+02:00,calling,u,u,coordination unit,u
ac231ef7-61a6-43c5-b5de-694c0964ba99,1ff3bd66cc427fc30035b753c63a4dde,advice of conflicts,2023-03-28T14:35:43.144+02:00,calling,u,committee members,u,u
ac231ef7-61a6-43c5-b5de-694c0964ba99,0d7ebc844ee689b929f305d4b4602312,check diaries,2023-03-28T14:35:43.139+02:00,done,u,committee members,u,u
5a7967f4-f7e6-4837-96e9-12a395f5d786,b5ae6958358a6f68dc465344141542d8,draft schedule of meetings,2023-03-28T14:35:43.267+02:00,calling,u,u,coordination unit,town planning authority
5a7967f4-f7e6-4837-96e9-12a395f5d786,b5ae6958358a6f68dc465344141542d8,draft schedule of meetings,2023-03-28T14:35:43.290+02:00,done,u,u,coordination unit,town planning authority
5a7967f4-f7e6-4837-96e9-12a395f5d786,212cb04e19a983dc02339430d24c8b03,add draft dates to calendars,2023-03-28T14:35:43.298+02:00,calling,u,u,coordination unit,town planning authority
8cc15815-7cf3-4a9f-9528-1605a6442375,746ade8ff152b8a40af4a74a1e0fec24,suggest modifications,2023-03-28T14:35:43.625+02:00,done,u,support officer,u,u 
ddf7d4ae-fd86-4c75-a36d-05e85fb60c84,c294cfd414ffb0289279fec330f3ad07,check diaries,2023-03-28T14:35:43.934+02:00,calling,u,committee members,u,u
ddf7d4ae-fd86-4c75-a36d-05e85fb60c84,be77228987dfd8de78dd58a68133f94c,send final schedule to committee members,2023-03-28T14:35:43.929+02:00,done,u,u,u,u
45930345-be1d-4989-865e-2dfc26768bf2,1cddc1c26ab6f4d37e1567ff23cce3bc,looks for conflicts,2023-03-28T14:35:44.292+02:00,calling,u,u,coordination unit,u
45930345-be1d-4989-865e-2dfc26768bf2,8a4a3d39f7d58a24f4717d35042716bb,check dates,2023-03-28T14:35:44.274+02:00,done,u,support officer,u,u
45930345-be1d-4989-865e-2dfc26768bf2,000e1ce107227ef01c40f81559713a0b,suggest modifications,2023-03-28T14:35:44.283+02:00,done,u,support officer,u,u 
45930345-be1d-4989-865e-2dfc26768bf2,54a8b7772bd8bc99f18d074b43ec071e,recheck dates,2023-03-28T14:35:44.289+02:00,calling,u,u,coordination unit,u
eefbf3e9-c4cc-477e-80c1-355d76669ce6,5fba2afc3f03ec9af4f96ec9ff7420e1,looks for conflicts,2023-03-28T14:35:45.736+02:00,done,u,u,coordination unit,u
eefbf3e9-c4cc-477e-80c1-355d76669ce6,00814aeb3c51cde7b48ec6980bdbb990,send final schedule to committee members,2023-03-28T14:35:45.750+02:00,calling,u,u,u,u
ddf7d4ae-fd86-4c75-a36d-05e85fb60c84,c294cfd414ffb0289279fec330f3ad07,check diaries,2023-03-28T14:35:45.939+02:00,done,u,committee members,u,u
ddf7d4ae-fd86-4c75-a36d-05e85fb60c84,3da32590496292b1f9016dcad7cc5d96,advice of conflicts,2023-03-28T14:35:45.944+02:00,calling,u,committee members,u,u
034d5aee-04a0-419d-9d47-57ce11929388,4593b6b076b868885865fa2e1592ceed,recheck dates,2023-03-28T14:35:46.052+02:00,done,u,u,coordination unit,u
5a7967f4-f7e6-4837-96e9-12a395f5d786,bb546aff6ce2e86334b8ad6e053bc061,suggest modifications,2023-03-28T14:35:46.320+02:00,calling,u,support officer,u,u 
5a7967f4-f7e6-4837-96e9-12a395f5d786,33247d5dd8f767952fc489f737b77562,check dates,2023-03-28T14:35:46.332+02:00,calling,u,support officer,u,u
5a7967f4-f7e6-4837-96e9-12a395f5d786,212cb04e19a983dc02339430d24c8b03,add draft dates to calendars,2023-03-28T14:35:46.307+02:00,done,u,u,coordination unit,town planning authority
156758c4-8a3d-492e-b720-0b4dc927a971,a8c81eaa59d18b4aa67ed337943c9117,draft schedule of meetings,2023-03-28T14:35:46.365+02:00,calling,u,u,coordination unit,town planning authority
156758c4-8a3d-492e-b720-0b4dc927a971,a8c81eaa59d18b4aa67ed337943c9117,draft schedule of meetings,2023-03-28T14:35:46.389+02:00,done,u,u,coordination unit,town planning authority
156758c4-8a3d-492e-b720-0b4dc927a971,dbb66f83c0d67bad8d5f875af6d4ea5f,add draft dates to calendars,2023-03-28T14:35:46.391+02:00,calling,u,u,coordination unit,town planning authority
8cc15815-7cf3-4a9f-9528-1605a6442375,8c2798293d01189d856c8c3dae349be1,check dates,2023-03-28T14:35:46.634+02:00,done,u,support officer,u,u
8cc15815-7cf3-4a9f-9528-1605a6442375,80b2e55a34597a3ea011d601878ef925,recheck dates,2023-03-28T14:35:46.641+02:00,calling,u,u,coordination unit,u
8cc15815-7cf3-4a9f-9528-1605a6442375,fc287741e4690442cfce035267191c9c,looks for conflicts,2023-03-28T14:35:46.643+02:00,calling,u,u,coordination unit,u
45930345-be1d-4989-865e-2dfc26768bf2,54a8b7772bd8bc99f18d074b43ec071e,recheck dates,2023-03-28T14:35:47.296+02:00,done,u,u,coordination unit,u
156758c4-8a3d-492e-b720-0b4dc927a971,dbb66f83c0d67bad8d5f875af6d4ea5f,add draft dates to calendars,2023-03-28T14:35:47.399+02:00,done,u,u,coordination unit,town planning authority
156758c4-8a3d-492e-b720-0b4dc927a971,eef84ab5e6dd97ff9569321ec2579473,suggest modifications,2023-03-28T14:35:47.414+02:00,calling,u,support officer,u,u 
156758c4-8a3d-492e-b720-0b4dc927a971,0f0466087a8f6bb866b34d7a45b0371f,check dates,2023-03-28T14:35:47.409+02:00,calling,u,support officer,u,u
8cc15815-7cf3-4a9f-9528-1605a6442375,80b2e55a34597a3ea011d601878ef925,recheck dates,2023-03-28T14:35:47.647+02:00,done,u,u,coordination unit,u
034d5aee-04a0-419d-9d47-57ce11929388,c8d9a368e8fe9f59fecc5fad934c11d3,looks for conflicts,2023-03-28T14:35:48.055+02:00,done,u,u,coordination unit,u
034d5aee-04a0-419d-9d47-57ce11929388,8a0e35a7e0dabe9c4c344f548d9ed729,send final schedule to committee members,2023-03-28T14:35:48.062+02:00,calling,u,u,u,u
45930345-be1d-4989-865e-2dfc26768bf2,1cddc1c26ab6f4d37e1567ff23cce3bc,looks for conflicts,2023-03-28T14:35:48.297+02:00,done,u,u,coordination unit,u
45930345-be1d-4989-865e-2dfc26768bf2,5b334829fa7c0266da61a37e8dd812a5,send final schedule to committee members,2023-03-28T14:35:48.301+02:00,calling,u,u,u,u
5a7967f4-f7e6-4837-96e9-12a395f5d786,33247d5dd8f767952fc489f737b77562,check dates,2023-03-28T14:35:48.340+02:00,done,u,support officer,u,u
eefbf3e9-c4cc-477e-80c1-355d76669ce6,00814aeb3c51cde7b48ec6980bdbb990,send final schedule to committee members,2023-03-28T14:35:48.755+02:00,done,u,u,u,u
eefbf3e9-c4cc-477e-80c1-355d76669ce6,25e878a369667fa76d8bb7745e27da98,check diaries,2023-03-28T14:35:48.760+02:00,calling,u,committee members,u,u
ac231ef7-61a6-43c5-b5de-694c0964ba99,1ff3bd66cc427fc30035b753c63a4dde,advice of conflicts,2023-03-28T14:35:49.150+02:00,done,u,committee members,u,u
8cc15815-7cf3-4a9f-9528-1605a6442375,fc287741e4690442cfce035267191c9c,looks for conflicts,2023-03-28T14:35:50.648+02:00,done,u,u,coordination unit,u
8cc15815-7cf3-4a9f-9528-1605a6442375,44a24a74f88fc4de5cbfef32a64403be,send final schedule to committee members,2023-03-28T14:35:50.657+02:00,calling,u,u,u,u
ddf7d4ae-fd86-4c75-a36d-05e85fb60c84,3da32590496292b1f9016dcad7cc5d96,advice of conflicts,2023-03-28T14:35:50.957+02:00,done,u,committee members,u,u
45930345-be1d-4989-865e-2dfc26768bf2,5b334829fa7c0266da61a37e8dd812a5,send final schedule to committee members,2023-03-28T14:35:51.306+02:00,done,u,u,u,u
45930345-be1d-4989-865e-2dfc26768bf2,048f758c782deb87ccdac1470bc74d34,check diaries,2023-03-28T14:35:51.311+02:00,calling,u,committee members,u,u
eefbf3e9-c4cc-477e-80c1-355d76669ce6,513549342f8181e0079dce11e0505408,advice of conflicts,2023-03-28T14:35:51.770+02:00,calling,u,committee members,u,u
eefbf3e9-c4cc-477e-80c1-355d76669ce6,25e878a369667fa76d8bb7745e27da98,check diaries,2023-03-28T14:35:51.765+02:00,done,u,committee members,u,u
034d5aee-04a0-419d-9d47-57ce11929388,fd8f0ce884bad9fbe660245c9bde4105,check diaries,2023-03-28T14:35:52.077+02:00,calling,u,committee members,u,u
034d5aee-04a0-419d-9d47-57ce11929388,8a0e35a7e0dabe9c4c344f548d9ed729,send final schedule to committee members,2023-03-28T14:35:52.069+02:00,done,u,u,u,u
5a7967f4-f7e6-4837-96e9-12a395f5d786,e0a770c74a1ca43e55c830bfb8bb3eba,looks for conflicts,2023-03-28T14:35:52.352+02:00,calling,u,u,coordination unit,u
5a7967f4-f7e6-4837-96e9-12a395f5d786,bb546aff6ce2e86334b8ad6e053bc061,suggest modifications,2023-03-28T14:35:52.336+02:00,done,u,support officer,u,u 
5a7967f4-f7e6-4837-96e9-12a395f5d786,b63dc228267082868042f3810f0ebf58,recheck dates,2023-03-28T14:35:52.350+02:00,calling,u,u,coordination unit,u
156758c4-8a3d-492e-b720-0b4dc927a971,0f0466087a8f6bb866b34d7a45b0371f,check dates,2023-03-28T14:35:53.413+02:00,done,u,support officer,u,u
8cc15815-7cf3-4a9f-9528-1605a6442375,7b515d35464da1befc26ea8df7a73b5a,check diaries,2023-03-28T14:35:53.668+02:00,calling,u,committee members,u,u
8cc15815-7cf3-4a9f-9528-1605a6442375,44a24a74f88fc4de5cbfef32a64403be,send final schedule to committee members,2023-03-28T14:35:53.664+02:00,done,u,u,u,u
0aa239c3-e167-4dc4-a8a4-ec56660d1312,61f6a7cb859d218c503af72a8fc5c752,draft schedule of meetings,2023-03-28T14:35:53.897+02:00,calling,u,u,coordination unit,town planning authority
0aa239c3-e167-4dc4-a8a4-ec56660d1312,61f6a7cb859d218c503af72a8fc5c752,draft schedule of meetings,2023-03-28T14:35:53.912+02:00,done,u,u,coordination unit,town planning authority
0aa239c3-e167-4dc4-a8a4-ec56660d1312,ca93162747d305d59ccb70a7d007c865,add draft dates to calendars,2023-03-28T14:35:53.915+02:00,calling,u,u,coordination unit,town planning authority
156758c4-8a3d-492e-b720-0b4dc927a971,b3313c66b2a877ff212ccb3a7786e418,looks for conflicts,2023-03-28T14:35:54.440+02:00,calling,u,u,coordination unit,u
156758c4-8a3d-492e-b720-0b4dc927a971,eef84ab5e6dd97ff9569321ec2579473,suggest modifications,2023-03-28T14:35:54.429+02:00,done,u,support officer,u,u 
156758c4-8a3d-492e-b720-0b4dc927a971,a7b4ee72392479ab449ffd9857bd848c,recheck dates,2023-03-28T14:35:54.437+02:00,calling,u,u,coordination unit,u
eefbf3e9-c4cc-477e-80c1-355d76669ce6,513549342f8181e0079dce11e0505408,advice of conflicts,2023-03-28T14:35:54.775+02:00,done,u,committee members,u,u
45930345-be1d-4989-865e-2dfc26768bf2,048f758c782deb87ccdac1470bc74d34,check diaries,2023-03-28T14:35:55.317+02:00,done,u,committee members,u,u
45930345-be1d-4989-865e-2dfc26768bf2,386fc63db771a20c62e67a8de4f0cbf1,advice of conflicts,2023-03-28T14:35:55.322+02:00,calling,u,committee members,u,u
5a7967f4-f7e6-4837-96e9-12a395f5d786,b63dc228267082868042f3810f0ebf58,recheck dates,2023-03-28T14:35:55.360+02:00,done,u,u,coordination unit,u
156758c4-8a3d-492e-b720-0b4dc927a971,a7b4ee72392479ab449ffd9857bd848c,recheck dates,2023-03-28T14:35:55.442+02:00,done,u,u,coordination unit,u
034d5aee-04a0-419d-9d47-57ce11929388,f06d742a1f74c878f0cc79700e4e82e5,advice of conflicts,2023-03-28T14:35:56.088+02:00,calling,u,committee members,u,u
034d5aee-04a0-419d-9d47-57ce11929388,fd8f0ce884bad9fbe660245c9bde4105,check diaries,2023-03-28T14:35:56.085+02:00,done,u,committee members,u,u
8cc15815-7cf3-4a9f-9528-1605a6442375,7b515d35464da1befc26ea8df7a73b5a,check diaries,2023-03-28T14:35:56.675+02:00,done,u,committee members,u,u
8cc15815-7cf3-4a9f-9528-1605a6442375,f57c5021e87920b29d9e6d35a649374a,advice of conflicts,2023-03-28T14:35:56.679+02:00,calling,u,committee members,u,u
0aa239c3-e167-4dc4-a8a4-ec56660d1312,ca93162747d305d59ccb70a7d007c865,add draft dates to calendars,2023-03-28T14:35:57.923+02:00,done,u,u,coordination unit,town planning authority
0aa239c3-e167-4dc4-a8a4-ec56660d1312,37f6c40fe8bd53b513d74022b6cca185,check dates,2023-03-28T14:35:57.932+02:00,calling,u,support officer,u,u
0aa239c3-e167-4dc4-a8a4-ec56660d1312,359609ebd4017d86ab415300ce537016,suggest modifications,2023-03-28T14:35:57.934+02:00,calling,u,support officer,u,u 
45930345-be1d-4989-865e-2dfc26768bf2,386fc63db771a20c62e67a8de4f0cbf1,advice of conflicts,2023-03-28T14:35:59.329+02:00,done,u,committee members,u,u
5a7967f4-f7e6-4837-96e9-12a395f5d786,e0a770c74a1ca43e55c830bfb8bb3eba,looks for conflicts,2023-03-28T14:35:59.360+02:00,done,u,u,coordination unit,u
5a7967f4-f7e6-4837-96e9-12a395f5d786,886e6d1df4ac65d93fdf134109d996b2,send final schedule to committee members,2023-03-28T14:35:59.368+02:00,calling,u,u,u,u
8cc15815-7cf3-4a9f-9528-1605a6442375,f57c5021e87920b29d9e6d35a649374a,advice of conflicts,2023-03-28T14:36:00.685+02:00,done,u,committee members,u,u
0aa239c3-e167-4dc4-a8a4-ec56660d1312,359609ebd4017d86ab415300ce537016,suggest modifications,2023-03-28T14:36:00.947+02:00,done,u,support officer,u,u 
034d5aee-04a0-419d-9d47-57ce11929388,f06d742a1f74c878f0cc79700e4e82e5,advice of conflicts,2023-03-28T14:36:01.098+02:00,done,u,committee members,u,u
156758c4-8a3d-492e-b720-0b4dc927a971,f8bde1edf547a16753c87d85e9172c48,send final schedule to committee members,2023-03-28T14:36:01.449+02:00,calling,u,u,u,u
156758c4-8a3d-492e-b720-0b4dc927a971,b3313c66b2a877ff212ccb3a7786e418,looks for conflicts,2023-03-28T14:36:01.446+02:00,done,u,u,coordination unit,u
5a7967f4-f7e6-4837-96e9-12a395f5d786,886e6d1df4ac65d93fdf134109d996b2,send final schedule to committee members,2023-03-28T14:36:02.374+02:00,done,u,u,u,u
5a7967f4-f7e6-4837-96e9-12a395f5d786,e74dace036de86e90a48eabb276acd6c,check diaries,2023-03-28T14:36:02.383+02:00,calling,u,committee members,u,u
156758c4-8a3d-492e-b720-0b4dc927a971,f8bde1edf547a16753c87d85e9172c48,send final schedule to committee members,2023-03-28T14:36:03.453+02:00,done,u,u,u,u
156758c4-8a3d-492e-b720-0b4dc927a971,e18b74918e7b051cd53dd4dcac90a207,check diaries,2023-03-28T14:36:03.460+02:00,calling,u,committee members,u,u
0aa239c3-e167-4dc4-a8a4-ec56660d1312,3a412eccf974776ec2888b0e89be08c8,recheck dates,2023-03-28T14:36:03.953+02:00,calling,u,u,coordination unit,u
0aa239c3-e167-4dc4-a8a4-ec56660d1312,37f6c40fe8bd53b513d74022b6cca185,check dates,2023-03-28T14:36:03.939+02:00,done,u,support officer,u,u
0aa239c3-e167-4dc4-a8a4-ec56660d1312,d7eca40b0cadc8fa77cfc6fe95a64d0f,looks for conflicts,2023-03-28T14:36:03.949+02:00,calling,u,u,coordination unit,u
5a7967f4-f7e6-4837-96e9-12a395f5d786,e74dace036de86e90a48eabb276acd6c,check diaries,2023-03-28T14:36:04.391+02:00,done,u,committee members,u,u
5a7967f4-f7e6-4837-96e9-12a395f5d786,16e3e6d98d9e394313c2b8b60911fa1d,advice of conflicts,2023-03-28T14:36:04.398+02:00,calling,u,committee members,u,u
0aa239c3-e167-4dc4-a8a4-ec56660d1312,3a412eccf974776ec2888b0e89be08c8,recheck dates,2023-03-28T14:36:06.961+02:00,done,u,u,coordination unit,u
156758c4-8a3d-492e-b720-0b4dc927a971,c63a8afbf249a23499f38bb90e9a13c3,advice of conflicts,2023-03-28T14:36:07.470+02:00,calling,u,committee members,u,u
156758c4-8a3d-492e-b720-0b4dc927a971,e18b74918e7b051cd53dd4dcac90a207,check diaries,2023-03-28T14:36:07.465+02:00,done,u,committee members,u,u
5a7967f4-f7e6-4837-96e9-12a395f5d786,16e3e6d98d9e394313c2b8b60911fa1d,advice of conflicts,2023-03-28T14:36:08.406+02:00,done,u,committee members,u,u
0aa239c3-e167-4dc4-a8a4-ec56660d1312,ee227a1c0d8672dfc8186d561874aaa8,send final schedule to committee members,2023-03-28T14:36:08.961+02:00,calling,u,u,u,u
0aa239c3-e167-4dc4-a8a4-ec56660d1312,d7eca40b0cadc8fa77cfc6fe95a64d0f,looks for conflicts,2023-03-28T14:36:08.956+02:00,done,u,u,coordination unit,u
156758c4-8a3d-492e-b720-0b4dc927a971,c63a8afbf249a23499f38bb90e9a13c3,advice of conflicts,2023-03-28T14:36:11.475+02:00,done,u,committee members,u,u
0aa239c3-e167-4dc4-a8a4-ec56660d1312,ee227a1c0d8672dfc8186d561874aaa8,send final schedule to committee members,2023-03-28T14:36:12.967+02:00,done,u,u,u,u
0aa239c3-e167-4dc4-a8a4-ec56660d1312,3eb8e5ab6d773946af75b0f225497095,check diaries,2023-03-28T14:36:12.973+02:00,calling,u,committee members,u,u
0aa239c3-e167-4dc4-a8a4-ec56660d1312,3eb8e5ab6d773946af75b0f225497095,check diaries,2023-03-28T14:36:14.982+02:00,done,u,committee members,u,u
0aa239c3-e167-4dc4-a8a4-ec56660d1312,644dd69ea315f5b7c23ded2532a0e034,advice of conflicts,2023-03-28T14:36:14.989+02:00,calling,u,committee members,u,u
0aa239c3-e167-4dc4-a8a4-ec56660d1312,644dd69ea315f5b7c23ded2532a0e034,advice of conflicts,2023-03-28T14:36:20.995+02:00,done,u,committee members,u,u
